{
    "RightHand": {
        "name": "RightHand",
        "min": {
            "posX": -66.82784414291382,
            "posY": 82.18052673339844,
            "posZ": -43.900634765625,
            "Δxz": 32.63658613531004
        },
        "max": {
            "posX": 126.50894165039062,
            "posY": 194.63018798828125,
            "posZ": 61.44866180419922,
            "Δxz": 72.9154251846661
        }
    },
    "LeftHand": {
        "name": "LeftHand",
        "min": {
            "posX": -6.005950927734375,
            "posY": 84.83158111572266,
            "posZ": -1.4385273456573486,
            "Δxz": 24.99187089157401
        },
        "max": {
            "posX": 210.09405517578125,
            "posY": 195.6646270751953,
            "posZ": 51.419044494628906,
            "Δxz": 67.98275411107235
        }
    },
    "LeftFoot": {
        "name": "LeftFoot",
        "min": {
            "posX": 111.63574981689453,
            "posY": 9.275636672973633,
            "posZ": -2.3839244842529297
        },
        "max": {
            "posX": 196.7950439453125,
            "posY": 117.18767547607422,
            "posZ": 71.03656768798828
        }
    },
    "RightFoot": {
        "name": "RightFoot",
        "min": {
            "posX": 64.30186462402344,
            "posY": 10.001346588134766,
            "posZ": -12.338807106018066
        },
        "max": {
            "posX": 134.77667236328125,
            "posY": 95.4377212524414,
            "posZ": 52.52143859863281
        }
    },
    "Head": {
        "name": "Head",
        "min": {
            "posX": 123.68695068359375,
            "posY": 78.1475830078125,
            "posZ": 13.083443641662598
        },
        "max": {
            "posX": 140.18789672851562,
            "posY": 143.3502197265625,
            "posZ": 36.52635192871094
        }
    }
}